Type,Name,Request Count,Failure Count,Median Response Time,Average Response Time,Min Response Time,Max Response Time,Average Content Size,Requests/s,Failures/s,50%,66%,75%,80%,90%,95%,98%,99%,99.9%,99.99%,100%
GET,/order-service/api/orders,2,2,4072.602400003234,4066.81540000136,4061.0283999994863,4072.602400003234,0.0,0.07960879270998024,0.07960879270998024,4100,4100,4100,4100,4100,4100,4100,4100,4100,4100,4100
GET,/product-service/api/categories,2,2,4100.0,4095.223750002333,4068.838000006508,4121.609499998158,0.0,0.07960879270998024,0.07960879270998024,4100,4100,4100,4100,4100,4100,4100,4100,4100,4100,4100
GET,/product-service/api/products,4,4,4093.9715999993496,4067.7358749962877,4050.107399991248,4093.9715999993496,0.0,0.15921758541996048,0.15921758541996048,4100,4100,4100,4100,4100,4100,4100,4100,4100,4100,4100
GET,/user-service/api/credentials,2,2,4086.487099993974,4074.314299999969,4062.141500005964,4086.487099993974,0.0,0.07960879270998024,0.07960879270998024,4100,4100,4100,4100,4100,4100,4100,4100,4100,4100,4100
GET,/user-service/api/users,7,7,4088.5350999888033,4063.647185714217,4042.6878000143915,4088.5350999888033,0.0,0.2786307744849308,0.2786307744849308,4100,4100,4100,4100,4100,4100,4100,4100,4100,4100,4100
,Aggregated,17,17,4100.0,4069.951805881882,4042.6878000143915,4121.609499998158,0.0,0.676674738034832,0.676674738034832,4100,4100,4100,4100,4100,4100,4100,4100,4100,4100,4100
