Type,Name,Request Count,Failure Count,Median Response Time,Average Response Time,Min Response Time,Max Response Time,Average Content Size,Requests/s,Failures/s,50%,66%,75%,80%,90%,95%,98%,99%,99.9%,99.99%,100%
GET,/order-service/api/orders,6,0,59,119.81876666929263,48.867100005736575,380.04600000567734,1215.0,0.21490497424977884,0.0,59,59,120,120,380,380,380,380,380,380,380
GET,/product-service/api/categories,13,0,38,174.66463076953704,23.641000007046387,1065.7169999904,846.0,0.4656274442078541,0.0,38,110,210,260,360,1100,1100,1100,1100,1100,1100
GET,/product-service/api/products,7,0,72,77.30099999545408,34.08769998350181,149.41089999047108,2050.0,0.2507224699580753,0.0,72,86,110,110,150,150,150,150,150,150,150
GET,/user-service/api/credentials,12,0,54,105.85815000134365,39.91839999798685,581.5203000092879,2901.0,0.42980994849955767,0.0,54,61,100,100,110,580,580,580,580,580,580
GET,/user-service/api/users,10,0,41,121.3499099976616,26.097999972989783,715.5247000046074,2943.0,0.3581749570829647,0.0,41,56,56,190,720,720,720,720,720,720,720
,Aggregated,48,0,51,125.301181249597,23.641000007046387,1065.7169999904,2018.3333333333333,1.7192397939982307,0.0,54,72,110,120,360,580,1100,1100,1100,1100,1100
