Type,Name,Request Count,Failure Count,Median Response Time,Average Response Time,Min Response Time,Max Response Time,Average Content Size,Requests/s,Failures/s,50%,66%,75%,80%,90%,95%,98%,99%,99.9%,99.99%,100%
GET,/order-service/api/orders,22,0,25,594.3929863622708,16.049300000304356,7412.976799998432,779.0,0.3796185546131096,0.0,27,48,140,180,1300,3000,7400,7400,7400,7400,7400
GET,/product-service/api/categories,16,0,21,1231.4455999994607,14.020299990079366,8577.36529999238,609.0,0.276086221536807,0.0,26,200,1500,1500,6600,8600,8600,8600,8600,8600,8600
GET,/product-service/api/products,28,0,24,770.8857714278565,15.504399998462759,9399.602499994216,1055.0,0.4831508876894122,0.0,27,46,520,710,2300,5400,9400,9400,9400,9400,9400
GET,/user-service/api/credentials,24,0,43,695.1767166647187,31.787800005986355,5111.817099998007,10567.166666666666,0.4141293323052105,0.0,45,91,530,1200,2100,4100,5100,5100,5100,5100,5100
GET,/user-service/api/users,18,0,42,293.6100555533711,23.995899988221936,2292.5963000016054,10945.222222222223,0.3105969992289079,0.0,49,77,110,130,1200,2300,2300,2300,2300,2300,2300
POST,Create User,49,0,19,287.5251959170671,13.12550000147894,6112.896499995259,368.83673469387753,0.8455140534564715,0.0,19,21,26,31,310,1400,6100,6100,6100,6100,6100
,Aggregated,157,0,28,575.9397050942135,13.12550000147894,9399.602499994216,3344.7197452229298,2.7090960488299185,0.0,28,45,110,310,1500,4100,6600,8600,9400,9400,9400
