Type,Name,Request Count,Failure Count,Median Response Time,Average Response Time,Min Response Time,Max Response Time,Average Content Size,Requests/s,Failures/s,50%,66%,75%,80%,90%,95%,98%,99%,99.9%,99.99%,100%
GET,/order-service/api/orders,15,1,25,2038.1314666747737,17.88449997548014,30013.65470001474,1134.0,0.3962804740571786,0.026418698270478574,25,34,60,78,150,30000,30000,30000,30000,30000,30000
GET,/product-service/api/categories,15,0,19,40.53434000816196,10.2395000285469,151.40420000534505,846.0,0.3962804740571786,0.0,19,24,49,70,140,150,150,150,150,150,150
GET,/product-service/api/products,15,0,31,45.93765333217258,15.267200011294335,163.15639996901155,2055.0,0.3962804740571786,0.0,31,46,50,67,110,160,160,160,160,160,160
GET,/user-service/api/credentials,13,1,93,2416.644707689277,47.577799996361136,30018.038900045212,92881.84615384616,0.34344307751622144,0.026418698270478574,93,140,180,220,280,30000,30000,30000,30000,30000,30000
GET,/user-service/api/users,16,0,52,67.92661249346565,22.078000009059906,239.20369998086244,101873.75,0.4226991723276572,0.0,59,72,77,77,110,240,240,240,240,240,240
POST,Create User,24,0,58,95.88265417308624,9.386399993672967,1126.874300010968,371.0,0.6340487584914858,0.0,58,64,72,74,82,93,1100,1100,1100,1100,1100
,Aggregated,98,2,49,680.3412510228238,9.386399993672967,30018.038900045212,29661.969387755104,2.5890324305069004,0.05283739654095715,50,64,74,80,150,240,30000,30000,30000,30000,30000
