Type,Name,Request Count,Failure Count,Median Response Time,Average Response Time,Min Response Time,Max Response Time,Average Content Size,Requests/s,Failures/s,50%,66%,75%,80%,90%,95%,98%,99%,99.9%,99.99%,100%
GET,/order-service/api/orders,15,0,100.0,125.73598000065734,91.54619998298585,392.1976999845356,4421.0,0.35129967774569126,0.0,100,110,110,130,130,390,390,390,390,390,390
GET,/payment-service/api/payments/,13,0,210.0,218.7516000077057,135.44179999735206,360.7023999793455,1681.0,0.3044597207129324,0.0,210,240,250,330,340,360,360,360,360,360,360
GET,/product-service/api/categories,15,0,95,108.93996667582542,86.01580001413822,239.45950000779703,4282.0,0.35129967774569126,0.0,95,100,110,110,120,240,240,240,240,240,240
GET,/product-service/api/products,14,0,110.0,112.4832785738233,93.41099997982383,149.02949996758252,10825.0,0.32787969922931187,0.0,110,120,130,130,130,150,150,150,150,150,150
GET,/shipping-service/api/shippings/,24,0,340.0,344.8325999949399,221.63230000296608,530.7484999648295,5020.0,0.5620794843931061,0.0,350,370,400,400,410,490,530,530,530,530,530
GET,/user-service/api/credentials,19,0,200.0,206.65245789630143,145.47059999313205,290.37420003442094,15012.052631578947,0.44497959181120894,0.0,200,210,220,230,290,290,290,290,290,290,290
GET,/user-service/api/users,12,0,190.0,179.49070000516562,106.97680001612753,247.7169000194408,15003.0,0.28103974219655303,0.0,200,200,210,210,220,250,250,250,250,250,250
POST,Create User,26,0,96,104.93308076043971,88.72499997960404,182.14679998345673,369.0,0.6089194414258648,0.0,96,100,110,110,130,180,180,180,180,180,180
,Aggregated,138,0,140.0,181.327561594367,86.01580001413822,530.7484999648295,6516.572463768116,3.2319570352603595,0.0,140,200,230,250,350,390,410,490,530,530,530
