Type,Name,Request Count,Failure Count,Median Response Time,Average Response Time,Min Response Time,Max Response Time,Average Content Size,Requests/s,Failures/s,50%,66%,75%,80%,90%,95%,98%,99%,99.9%,99.99%,100%
GET,/order-service/api/orders,20,0,38,168.5603349993471,19.94929999636952,2628.674099993077,1215.0,0.349600085114866,0.0,39,42,49,53,74,2600,2600,2600,2600,2600,2600
GET,/product-service/api/categories,30,0,28,43.642829999832124,18.52100000542123,446.89540000399575,846.0,0.524400127672299,0.0,28,32,34,37,45,49,450,450,450,450,450
GET,/product-service/api/products,15,0,32,98.94607999788907,21.185000005061738,966.4736999984598,2055.0,0.2622000638361495,0.0,32,39,45,50,96,970,970,970,970,970,970
GET,/user-service/api/credentials,28,0,44,367.85083928511347,29.62410000327509,4899.9030999984825,14013.0,0.48944011916081237,0.0,47,80,120,120,900,2900,4900,4900,4900,4900,4900
GET,/user-service/api/users,29,0,31,118.0012862058557,19.94600000034552,1910.1029000012204,13121.379310344828,0.5069201234165557,0.0,31,58,60,65,140,360,1900,1900,1900,1900,1900
POST,Create User,58,0,20,62.15005172496854,12.39289999648463,1429.4349999981932,369.0,1.0138402468331114,0.0,20,24,27,29,130,170,400,1400,1400,1400,1400
,Aggregated,180,0,30,130.50692555528562,12.39289999648463,4899.9030999984825,4859.95,3.146400766033794,0.0,31,38,47,55,120,400,1900,2900,4900,4900,4900
