Type,Name,Request Count,Failure Count,Median Response Time,Average Response Time,Min Response Time,Max Response Time,Average Content Size,Requests/s,Failures/s,50%,66%,75%,80%,90%,95%,98%,99%,99.9%,99.99%,100%
GET,/order-service/api/orders,18,18,4081.0997000080533,4069.332694443195,4036.2300999986473,4081.0997000080533,0.0,1.6695401114361357,1.6695401114361357,4100,4100,4100,4100,4100,4100,4100,4100,4100,4100,4100
GET,/product-service/api/categories,24,24,4086.0867999872426,4072.592883332618,4040.8694999932777,4086.0867999872426,0.0,2.2260534819148474,2.2260534819148474,4100,4100,4100,4100,4100,4100,4100,4100,4100,4100,4100
GET,/product-service/api/products,30,30,4085.9077999921283,4072.221806666736,4051.156000001356,4085.9077999921283,0.0,2.7825668523935594,2.7825668523935594,4100,4100,4100,4100,4100,4100,4100,4100,4100,4100,4100
GET,/user-service/api/credentials,17,17,4075.782600004459,4070.453976470162,4040.4705999972066,4075.782600004459,0.0,1.576787883023017,1.576787883023017,4100,4100,4100,4100,4100,4100,4100,4100,4100,4100,4100
GET,/user-service/api/users,18,18,4086.924999995972,4074.2317777759226,4063.4136000007857,4086.924999995972,0.0,1.6695401114361357,1.6695401114361357,4100,4100,4100,4100,4100,4100,4100,4100,4100,4100,4100
POST,Create User,43,43,4100.0,4071.9119372092687,4042.3917999869445,4111.932400002843,0.0,3.988345821764102,3.988345821764102,4100,4100,4100,4100,4100,4100,4100,4100,4100,4100,4100
,Aggregated,150,150,4100.0,4071.8864986661356,4036.2300999986473,4111.932400002843,0.0,13.912834261967797,13.912834261967797,4100,4100,4100,4100,4100,4100,4100,4100,4100,4100,4100
