Type,Name,Request Count,Failure Count,Median Response Time,Average Response Time,Min Response Time,Max Response Time,Average Content Size,Requests/s,Failures/s,50%,66%,75%,80%,90%,95%,98%,99%,99.9%,99.99%,100%
GET,/order-service/api/orders,161,0,140.0,574.4995795036139,16.65419999335427,9304.678000000422,1215.0,1.3834847737334734,0.0,140,350,560,700,1400,2700,4200,7900,9300,9300,9300
GET,/product-service/api/categories,178,0,89,683.144948313721,10.019099994678982,12251.750499999616,846.0,1.5295670169227222,0.0,90,220,430,710,2300,3700,4400,12000,12000,12000,12000
GET,/product-service/api/products,164,0,96,463.6882658537283,11.062199992011301,4463.668399999733,2055.0,1.4092639931198117,0.0,98,220,380,560,1500,2500,3800,4500,4500,4500,4500
GET,/user-service/api/credentials,153,0,270.0,3236.7333921568097,36.147300008451566,28694.192900002236,78196.16993464052,1.3147401887032388,0.0,270,2400,3100,3600,8500,23000,26000,28000,29000,29000,29000
GET,/user-service/api/users,166,0,310.0,3409.7805060242886,23.329599993303418,28411.81369998958,83606.1204819277,1.4264501393773703,0.0,310,1400,2700,3400,13000,22000,26000,28000,28000,28000,28000
POST,Create User,312,0,150.0,1976.5636618590063,10.255699991830625,25033.10970000166,370.79487179487177,2.6810388161791536,0.0,150,640,990,1800,6200,16000,19000,21000,25000,25000,25000
,Aggregated,1134,0,140.0,1735.5121201057927,10.019099994678982,28694.192900002236,23493.422398589064,9.74454492803577,0.0,140,520,980,1600,4100,11000,21000,24000,28000,29000,29000
