Type,Name,Request Count,Failure Count,Median Response Time,Average Response Time,Min Response Time,Max Response Time,Average Content Size,Requests/s,Failures/s,50%,66%,75%,80%,90%,95%,98%,99%,99.9%,99.99%,100%
GET,/order-service/api/orders,228,228,19,815.5541135972925,3.326999954879284,10449.20999999158,7.5,1.9221647400457158,1.9221647400457158,19,28,46,120,3000,7500,10000,10000,10000,10000,10000
GET,/product-service/api/categories,242,242,21,705.1840264473807,3.479400009382516,10376.572000037413,6.479338842975206,2.040192399522207,2.040192399522207,21,30,43,63,2100,6500,9700,10000,10000,10000,10000
GET,/product-service/api/products,241,241,19,621.8119211614719,2.590099989902228,10245.39709999226,3.219917012448133,2.0317618524167433,2.0317618524167433,19,31,51,110,1500,4500,8500,8500,10000,10000,10000
GET,/user-service/api/credentials,230,230,19,617.8564060871671,3.2451999722979963,10630.218799982686,9.278260869565218,1.939025834256643,1.939025834256643,19,27,41,61,1000,6700,9100,10000,11000,11000,11000
GET,/user-service/api/users,219,219,19,598.8539826477341,3.3713000011630356,10524.444099981338,6.0091324200913245,1.8462898160965429,1.8462898160965429,19,32,59,98,1900,4500,8600,9500,11000,11000,11000
POST,Create User,498,498,19,542.0614054220135,3.285599988885224,10589.14499997627,4.907630522088353,4.198412458520906,4.198412458520906,19,27,42,61,900,3700,8700,10000,11000,11000,11000
,Aggregated,1658,1658,19,633.0881307602102,2.590099989902228,10630.218799982686,6.0,13.977847100858758,13.977847100858758,19,28,44,79,1400,5500,9100,10000,11000,11000,11000
