Type,Name,Request Count,Failure Count,Median Response Time,Average Response Time,Min Response Time,Max Response Time,Average Content Size,Requests/s,Failures/s,50%,66%,75%,80%,90%,95%,98%,99%,99.9%,99.99%,100%
GET,//payment-service/api/payments/,11,11,21021.2047000241,21034.76227273297,21021.2047000241,21048.73119998956,0.0,0.24910014814915277,0.24910014814915277,21000,21000,21000,21000,21000,21000,21000,21000,21000,21000,21000
GET,//shipping-service/api/shippings/,11,11,21021.660100028384,21033.48432727613,21021.660100028384,21043.248000001768,0.0,0.24910014814915277,0.24910014814915277,21000,21000,21000,21000,21000,21000,21000,21000,21000,21000,21000
GET,/order-service/api/orders,10,10,21022.99060000223,21032.26158999896,21022.99060000223,21050.053199985996,0.0,0.22645468013559344,0.22645468013559344,21000,21000,21000,21000,21000,21000,21000,21000,21000,21000,21000
GET,/product-service/api/categories,6,6,21030.9966999921,21036.33324999828,21030.9966999921,21046.932299999753,0.0,0.13587280808135607,0.13587280808135607,21000,21000,21000,21000,21000,21000,21000,21000,21000,21000,21000
GET,/product-service/api/products,6,6,21021.564199996646,21027.075983326842,21021.564199996646,21033.264199999394,0.0,0.13587280808135607,0.13587280808135607,21000,21000,21000,21000,21000,21000,21000,21000,21000,21000,21000
GET,/user-service/api/credentials,4,4,21027.559399983147,21035.80459999648,21027.559399983147,21052.33910001698,0.0,0.09058187205423737,0.09058187205423737,21000,21000,21000,21000,21000,21000,21000,21000,21000,21000,21000
GET,/user-service/api/users,9,9,21024.33350001229,21035.17983333182,21024.33350001229,21048.388199997135,0.0,0.2038092121220341,0.2038092121220341,21000,21000,21000,21000,21000,21000,21000,21000,21000,21000,21000
POST,Create User,15,15,21022.053499997128,21033.084340001613,21022.053499997128,21048.607899982017,0.0,0.33968202020339017,0.33968202020339017,21000,21000,21000,21000,21000,21000,21000,21000,21000,21000,21000
,Aggregated,72,72,21021.2047000241,21033.47063750051,21021.2047000241,21052.33910001698,0.0,1.6304736969762728,1.6304736969762728,21000,21000,21000,21000,21000,21000,21000,21000,21000,21000,21000
