Type,Name,Request Count,Failure Count,Median Response Time,Average Response Time,Min Response Time,Max Response Time,Average Content Size,Requests/s,Failures/s,50%,66%,75%,80%,90%,95%,98%,99%,99.9%,99.99%,100%
GET,/order-service/api/orders,48,0,160.0,1278.1376249999996,16.56819999993786,10868.714700000055,779.0,1.0113682874587104,0.0,180,1000,1900,2200,3800,4800,11000,11000,11000,11000,11000
GET,/product-service/api/categories,55,0,120.0,1574.2772745454574,15.725700000075449,17979.785800000172,609.0,1.1588594960464391,0.0,120,700,1500,1900,4900,9900,11000,18000,18000,18000,18000
GET,/product-service/api/products,49,0,60,1266.1577693877462,16.100699999924473,17864.892900000086,1055.0,1.0324384601141001,0.0,60,130,480,1900,5000,7000,18000,18000,18000,18000,18000
GET,/user-service/api/credentials,45,0,240.0,2591.514142222236,29.56070000004729,16017.559500000061,19288.333333333332,0.948157769492541,0.0,240,1300,2700,4000,12000,15000,16000,16000,16000,16000,16000
GET,/user-service/api/users,44,0,84,1485.7831886363745,23.399000000154047,13993.886599999996,20221.863636363636,0.9270875968371513,0.0,90,280,940,1600,4000,13000,14000,14000,14000,14000,14000
POST,Create User,96,0,73,1491.7805947916659,14.621000000033746,18182.780099999945,368.9583333333333,2.022736574917421,0.0,74,190,680,1700,5100,9900,17000,18000,18000,18000,18000
,Aggregated,337,0,100.0,1588.0745418397664,14.621000000033746,18182.780099999945,5684.685459940652,7.100648184866363,0.0,100,410,1300,1900,4900,9900,15000,17000,18000,18000,18000
